file,species
0021e90e4.png,Common Chickweed
003d61042.png,Fat Hen
007b3da8b.png,Fat Hen
0086a6340.png,Shepherds Purse
00c47e980.png,Cleavers
00d090cde.png,Cleavers
00ef713a8.png,Cleavers
01291174f.png,Common Chickweed
026716f9b.png,Small-flowered Cranesbill
02cfeb38d.png,Small-flowered Cranesbill
03566743d.png,Small-flowered Cranesbill
03a2ee656.png,Charlock
03e322a29.png,Loose Silky-bent
03ef36742.png,Fat Hen
043449b0b.png,Fat Hen
0437393b1.png,Fat Hen
04814f36d.png,Charlock
05341a8a6.png,Charlock
060450d79.png,Small-flowered Cranesbill
060f1dc84.png,Charlock
0625f063b.png,Small-flowered Cranesbill
063363305.png,Sugar beet
06d12f6fa.png,Charlock
071cb3ece.png,Common Chickweed
0751c0bbc.png,Sugar beet
07e62f903.png,Loose Silky-bent
085974290.png,Sugar beet
0885e7690.png,Loose Silky-bent
089ad62a7.png,Common Chickweed
08d591441.png,Black-grass
0911d3dee.png,Common Chickweed
099b961ec.png,Fat Hen
0a64e3e6c.png,Common Chickweed
0ad9e7dfb.png,Loose Silky-bent
0ae6668fa.png,Small-flowered Cranesbill
0bf7bfb05.png,Small-flowered Cranesbill
0c27cf05f.png,Black-grass
0c4199daa.png,Fat Hen
0c45ace27.png,Small-flowered Cranesbill
0c51bf229.png,Maize
0c5f6c493.png,Charlock
0caeda5df.png,Common Chickweed
0d117d910.png,Fat Hen
0d31e6602.png,Common Chickweed
0dba99002.png,Cleavers
0e8492cb1.png,Common Chickweed
0ebf8f2f4.png,Black-grass
0ee4ad224.png,Shepherds Purse
0f6cbe5e8.png,Common Chickweed
0fb233ad6.png,Fat Hen
115f93ecc.png,Cleavers
116b136de.png,Sugar beet
1191ba346.png,Cleavers
11d3f68ff.png,Common Chickweed
122913909.png,Charlock
12625488b.png,Fat Hen
126a71ce0.png,Charlock
1312065a5.png,Charlock
1364b297a.png,Sugar beet
1376f3b63.png,Fat Hen
13b9fa92d.png,Cleavers
1459e96a0.png,Loose Silky-bent
148bbda66.png,Fat Hen
14bb43eee.png,Scentless Mayweed
1541bdb2e.png,Cleavers
1623fb9e1.png,Common Chickweed
16357b436.png,Charlock
16467a950.png,Loose Silky-bent
165681fd9.png,Fat Hen
1694a70e4.png,Charlock
16fd2e01a.png,Fat Hen
172f9b10b.png,Small-flowered Cranesbill
17529c555.png,Sugar beet
1758a1baf.png,Fat Hen
177d7e2a4.png,Cleavers
17a78fb44.png,Black-grass
17d5e5ac4.png,Cleavers
1821eb11a.png,Common Chickweed
187668bde.png,Fat Hen
1926e82fd.png,Loose Silky-bent
19618ad6a.png,Fat Hen
19b51843a.png,Charlock
19e58cc5e.png,Sugar beet
19fdf19fb.png,Fat Hen
1b490196c.png,Common Chickweed
1b6a6494d.png,Small-flowered Cranesbill
1be0713da.png,Scentless Mayweed
1bf9b94a6.png,Small-flowered Cranesbill
1c52ea820.png,Charlock
1c680883c.png,Charlock
1cfd91582.png,Fat Hen
1d0cbd819.png,Charlock
1d321253f.png,Fat Hen
1d48b7564.png,Loose Silky-bent
1d56351b2.png,Black-grass
1dc7c45df.png,Cleavers
1e095a7e1.png,Charlock
1f290e016.png,Fat Hen
1f3f44563.png,Fat Hen
1f5e5554e.png,Fat Hen
1fefb54b7.png,Charlock
205df1df3.png,Fat Hen
20817c846.png,Fat Hen
20e562fd5.png,Charlock
20ea96bcc.png,Cleavers
20f983a71.png,Loose Silky-bent
2126dc71b.png,Charlock
219fd68d5.png,Loose Silky-bent
223e4af09.png,Common wheat
22e79540f.png,Small-flowered Cranesbill
22fbf13d6.png,Common Chickweed
239bdf640.png,Common Chickweed
23bc8ec4f.png,Small-flowered Cranesbill
23e480e64.png,Common Chickweed
2406d6c99.png,Fat Hen
241e6935a.png,Cleavers
248436078.png,Small-flowered Cranesbill
24a058589.png,Charlock
24c94a6ca.png,Cleavers
24d36c52c.png,Small-flowered Cranesbill
24d78df74.png,Sugar beet
24dbc3b21.png,Small-flowered Cranesbill
258b1183c.png,Fat Hen
25a4c427e.png,Common Chickweed
25cf6eb73.png,Fat Hen
25fa8d109.png,Small-flowered Cranesbill
26852751a.png,Common Chickweed
2693e5c65.png,Fat Hen
26e7ae885.png,Common Chickweed
270b939cf.png,Charlock
279df95f2.png,Maize
288564c76.png,Cleavers
29bab7cad.png,Cleavers
29ce426a1.png,Small-flowered Cranesbill
29f49cd0b.png,Fat Hen
2a5064f19.png,Sugar beet
2a667e099.png,Cleavers
2b55a2da2.png,Small-flowered Cranesbill
2bd74d2da.png,Common Chickweed
2d5058a59.png,Small-flowered Cranesbill
2d992d1fb.png,Fat Hen
2d9c798f9.png,Fat Hen
2dd5cfba9.png,Charlock
2df78338c.png,Shepherds Purse
2e86f1085.png,Small-flowered Cranesbill
2ea664465.png,Sugar beet
2f0004a7f.png,Sugar beet
2f246d688.png,Loose Silky-bent
2ff5cb348.png,Charlock
30ad31220.png,Loose Silky-bent
3185294c8.png,Small-flowered Cranesbill
31f3dd81f.png,Cleavers
31fcdc161.png,Shepherds Purse
3281183f9.png,Small-flowered Cranesbill
32a8c8a1d.png,Loose Silky-bent
32b42c120.png,Black-grass
32c86784b.png,Cleavers
33317fc2a.png,Common Chickweed
33448fe39.png,Charlock
33748968f.png,Small-flowered Cranesbill
338c7e907.png,Small-flowered Cranesbill
34dd57ca9.png,Maize
3526b05cc.png,Fat Hen
35a90f8d0.png,Loose Silky-bent
35cf9fa01.png,Charlock
35ebe165c.png,Small-flowered Cranesbill
36839d5e9.png,Cleavers
36d62bf36.png,Charlock
36ed4f215.png,Cleavers
37297a64c.png,Charlock
37714071b.png,Charlock
377283a21.png,Loose Silky-bent
37c3108d6.png,Charlock
37e545a60.png,Fat Hen
3827436f3.png,Small-flowered Cranesbill
38c054379.png,Common Chickweed
391dcd7fd.png,Charlock
39858776a.png,Cleavers
39b740f7e.png,Charlock
39c8fde99.png,Common Chickweed
39d569be4.png,Small-flowered Cranesbill
3a909ead8.png,Small-flowered Cranesbill
3abb502fb.png,Charlock
3b73c3b61.png,Small-flowered Cranesbill
3bbef3ecb.png,Common Chickweed
3d38a87bc.png,Sugar beet
3d65168c2.png,Fat Hen
3d67c434b.png,Fat Hen
3da774107.png,Loose Silky-bent
3dd52bd2a.png,Fat Hen
3e9f41817.png,Fat Hen
3ebbe9ca4.png,Cleavers
3eda9cbb6.png,Fat Hen
3edf5e9ef.png,Small-flowered Cranesbill
3eebd36c6.png,Cleavers
3efa1f66c.png,Small-flowered Cranesbill
3f64c2c1b.png,Common Chickweed
3f826b318.png,Common Chickweed
3f92d8039.png,Loose Silky-bent
3fbd0fc6a.png,Fat Hen
3fbf1a417.png,Loose Silky-bent
4049a6ea6.png,Small-flowered Cranesbill
406162ef9.png,Scentless Mayweed
406ecb5c5.png,Small-flowered Cranesbill
410e6f702.png,Sugar beet
41e07778c.png,Charlock
41f1c3cdb.png,Small-flowered Cranesbill
4287d810c.png,Fat Hen
429211ee6.png,Fat Hen
42e7ed442.png,Small-flowered Cranesbill
4392d93cf.png,Loose Silky-bent
43ede9de9.png,Fat Hen
444473900.png,Loose Silky-bent
446f7da01.png,Sugar beet
44e8b8833.png,Sugar beet
456d507c0.png,Fat Hen
466bb6d3b.png,Scentless Mayweed
46c14fde2.png,Loose Silky-bent
47b7d8e17.png,Shepherds Purse
47f9e5d91.png,Cleavers
48231e475.png,Common Chickweed
4823c3ffa.png,Black-grass
486e59179.png,Scentless Mayweed
48d97c645.png,Small-flowered Cranesbill
48ef6a2ff.png,Small-flowered Cranesbill
490c4f9c8.png,Fat Hen
4a337a4a9.png,Common Chickweed
4ac29bbf0.png,Loose Silky-bent
4b032563b.png,Small-flowered Cranesbill
4b155fb07.png,Charlock
4bbf1f6ea.png,Maize
4bbfd1e05.png,Small-flowered Cranesbill
4bcdaa5e2.png,Common Chickweed
4c5ab9b68.png,Cleavers
4c7838de4.png,Fat Hen
4c8005bbc.png,Charlock
4e1190d78.png,Fat Hen
4e18ab737.png,Sugar beet
4e69d100a.png,Common wheat
4e9d3765f.png,Small-flowered Cranesbill
4ea7493d5.png,Fat Hen
4f44ca525.png,Charlock
4f83143e1.png,Fat Hen
502dff972.png,Small-flowered Cranesbill
506347cfe.png,Charlock
50de8a115.png,Charlock
521b27a17.png,Charlock
523e5505c.png,Shepherds Purse
5296835a0.png,Small-flowered Cranesbill
52a87abe5.png,Maize
52dc7a4d6.png,Small-flowered Cranesbill
5315c2dca.png,Loose Silky-bent
534e74d83.png,Small-flowered Cranesbill
539961189.png,Common Chickweed
53ceb4657.png,Common Chickweed
53e6e9000.png,Cleavers
54b3afd58.png,Charlock
54c8bb900.png,Charlock
550a8b7e6.png,Fat Hen
55251925f.png,Fat Hen
558aa7deb.png,Loose Silky-bent
55920f07f.png,Charlock
55a852f40.png,Small-flowered Cranesbill
55fed435f.png,Small-flowered Cranesbill
56112b92c.png,Fat Hen
56a01b835.png,Small-flowered Cranesbill
5779fe8b4.png,Cleavers
5817b766d.png,Fat Hen
5883b423d.png,Cleavers
589e643b8.png,Fat Hen
590f5aea6.png,Common wheat
592473c83.png,Common Chickweed
592cc5b89.png,Small-flowered Cranesbill
59358cd44.png,Common Chickweed
593896f83.png,Small-flowered Cranesbill
599691cd9.png,Cleavers
599c82eea.png,Charlock
59b2c6f2b.png,Fat Hen
59c6a9f95.png,Maize
59e1cea8d.png,Cleavers
59f62ad1d.png,Maize
5a38ac566.png,Loose Silky-bent
5a6bf96f6.png,Maize
5af1d74ee.png,Small-flowered Cranesbill
5b3000b9a.png,Cleavers
5b3beec58.png,Small-flowered Cranesbill
5b63dcc21.png,Small-flowered Cranesbill
5bbc0a255.png,Maize
5bc6595f6.png,Common Chickweed
5bd71f445.png,Cleavers
5bdcfa329.png,Black-grass
5c3cd7ea2.png,Small-flowered Cranesbill
5ca0205f9.png,Small-flowered Cranesbill
5ca2687a4.png,Cleavers
5dcad9a53.png,Fat Hen
5e6a237f2.png,Common Chickweed
5eb9c26a6.png,Fat Hen
5ee9d0a5b.png,Cleavers
5f04aed97.png,Fat Hen
6049234e6.png,Small-flowered Cranesbill
604dd663f.png,Sugar beet
606647f64.png,Loose Silky-bent
60ee66ddd.png,Small-flowered Cranesbill
60f0bc617.png,Fat Hen
60fea2ef6.png,Charlock
615d2b0a9.png,Sugar beet
618de3d7a.png,Fat Hen
61b044411.png,Shepherds Purse
61dd2cdc5.png,Loose Silky-bent
632156793.png,Fat Hen
63c07d340.png,Small-flowered Cranesbill
647689543.png,Common Chickweed
64fe8beb9.png,Small-flowered Cranesbill
653193c1a.png,Fat Hen
65489944f.png,Loose Silky-bent
659412b1a.png,Fat Hen
65d08b894.png,Cleavers
65e262a6d.png,Black-grass
65e97117e.png,Black-grass
664194d19.png,Sugar beet
6680836dd.png,Common Chickweed
668c1007c.png,Fat Hen
66ab0e8d0.png,Fat Hen
675ec1b0b.png,Loose Silky-bent
67ce3eaa6.png,Common Chickweed
67e185673.png,Charlock
686dc7ec8.png,Black-grass
6908fb540.png,Loose Silky-bent
6982a9d30.png,Small-flowered Cranesbill
699d3c707.png,Cleavers
69d1669f8.png,Loose Silky-bent
6a41bf95b.png,Small-flowered Cranesbill
6a47821f9.png,Cleavers
6b721f68e.png,Charlock
6b9d6f8c9.png,Common Chickweed
6ba4ef411.png,Fat Hen
6bce55e05.png,Small-flowered Cranesbill
6be169e41.png,Charlock
6c874918c.png,Cleavers
6d6eb3830.png,Fat Hen
6da892be6.png,Small-flowered Cranesbill
6db684fff.png,Loose Silky-bent
6dd095129.png,Loose Silky-bent
6df8e31ea.png,Charlock
6edb96d45.png,Fat Hen
6edc76e7c.png,Fat Hen
711b46fba.png,Small-flowered Cranesbill
71334c634.png,Small-flowered Cranesbill
71b232519.png,Common wheat
71e73a8a0.png,Common Chickweed
71f5323c5.png,Fat Hen
721b2c47a.png,Small-flowered Cranesbill
721be0a4a.png,Sugar beet
728eabae1.png,Fat Hen
73260a4ee.png,Fat Hen
74068643d.png,Cleavers
74d810f87.png,Common Chickweed
74fd477eb.png,Fat Hen
7506c0c02.png,Shepherds Purse
752101fdf.png,Scentless Mayweed
754b1adf8.png,Maize
756dd5070.png,Fat Hen
75cb95e91.png,Charlock
7615e52d3.png,Fat Hen
76555b064.png,Shepherds Purse
7691014a1.png,Small-flowered Cranesbill
7696badea.png,Shepherds Purse
76dbd1054.png,Fat Hen
770a265f5.png,Cleavers
77ccb8b2a.png,Small-flowered Cranesbill
780bd2a2c.png,Sugar beet
780defa2e.png,Fat Hen
785a73ab8.png,Maize
78750e0ff.png,Cleavers
78b1bf91a.png,Small-flowered Cranesbill
78c5fba1d.png,Common Chickweed
79d93bc96.png,Fat Hen
79dafec17.png,Fat Hen
79e5ea8fa.png,Loose Silky-bent
79fba50db.png,Fat Hen
7a38416be.png,Common Chickweed
7b21ba6ba.png,Loose Silky-bent
7b52585da.png,Small-flowered Cranesbill
7beb2766f.png,Fat Hen
7c85b0265.png,Loose Silky-bent
7cabd68cc.png,Charlock
7d22abf91.png,Fat Hen
7d3045fc3.png,Common Chickweed
7d4cd07ad.png,Fat Hen
7e9cf1c46.png,Fat Hen
7f31c7f42.png,Black-grass
7f46a71db.png,Fat Hen
7f9e9565d.png,Fat Hen
7fdb7202d.png,Charlock
800a8c17e.png,Black-grass
808578ed5.png,Small-flowered Cranesbill
808cf55c6.png,Small-flowered Cranesbill
809eb0b82.png,Scentless Mayweed
80e299ae9.png,Fat Hen
8104422bb.png,Small-flowered Cranesbill
8170d33c1.png,Fat Hen
824f5d4e5.png,Fat Hen
827279bad.png,Fat Hen
82b5f4d33.png,Charlock
8301b0547.png,Fat Hen
8303b27ed.png,Fat Hen
8311740de.png,Common Chickweed
835dc5447.png,Sugar beet
837ac0270.png,Fat Hen
8455169fe.png,Common Chickweed
851c90831.png,Fat Hen
85431c075.png,Common Chickweed
855955aaf.png,Small-flowered Cranesbill
856f2910a.png,Maize
8585f9718.png,Fat Hen
862b8e7a0.png,Charlock
86676d627.png,Fat Hen
866be78b0.png,Fat Hen
86c309150.png,Sugar beet
86f08e6d1.png,Charlock
87608f7aa.png,Fat Hen
87f627bf9.png,Fat Hen
8874bba69.png,Sugar beet
88ac6df54.png,Charlock
88d8a4508.png,Small-flowered Cranesbill
8916793ce.png,Small-flowered Cranesbill
892e9d6c6.png,Small-flowered Cranesbill
897e5a8de.png,Fat Hen
8a30b2de3.png,Fat Hen
8a32d0bfa.png,Common Chickweed
8a4d3a1b1.png,Sugar beet
8a8d6c712.png,Fat Hen
8ab8a958b.png,Small-flowered Cranesbill
8b043093d.png,Sugar beet
8b27bfd2b.png,Fat Hen
8b9144917.png,Cleavers
8bc0261c9.png,Loose Silky-bent
8c98a6e9b.png,Fat Hen
8c9953903.png,Sugar beet
8ca6140ca.png,Cleavers
8cf2e3e6c.png,Small-flowered Cranesbill
8cf909eb3.png,Small-flowered Cranesbill
8cfd98117.png,Charlock
8d6991365.png,Loose Silky-bent
8d6acbe9b.png,Shepherds Purse
8db450ce3.png,Maize
8dbb8e1b9.png,Charlock
8e29abce1.png,Loose Silky-bent
8e2e5604e.png,Sugar beet
8e3ed0a25.png,Small-flowered Cranesbill
8e4eaeec0.png,Fat Hen
8e6ec1ca6.png,Cleavers
8ece6efec.png,Fat Hen
8f523520c.png,Loose Silky-bent
8faadb6a8.png,Sugar beet
90b595f12.png,Cleavers
90d119d25.png,Fat Hen
91e469b4a.png,Common Chickweed
92292055d.png,Common Chickweed
93079d970.png,Small-flowered Cranesbill
9326bda1b.png,Charlock
93d76fd5d.png,Small-flowered Cranesbill
948cdb277.png,Fat Hen
9516e56c4.png,Loose Silky-bent
953496deb.png,Fat Hen
958bb9e96.png,Loose Silky-bent
963544aa0.png,Small-flowered Cranesbill
9643fc5f4.png,Scentless Mayweed
966ae5ad9.png,Charlock
969a851be.png,Loose Silky-bent
96ecad7a1.png,Charlock
96f14d90c.png,Small-flowered Cranesbill
974959ec1.png,Loose Silky-bent
976e4e079.png,Fat Hen
97844bfd5.png,Common Chickweed
97b2f0a10.png,Small-flowered Cranesbill
98062cd87.png,Cleavers
98d819587.png,Sugar beet
98da6ef4e.png,Loose Silky-bent
99036c51d.png,Charlock
99569b224.png,Small-flowered Cranesbill
995c7ab1e.png,Fat Hen
9a3f20121.png,Small-flowered Cranesbill
9aa5587fe.png,Common Chickweed
9b4800b42.png,Small-flowered Cranesbill
9b9911f20.png,Fat Hen
9baf94467.png,Loose Silky-bent
9c0c5b731.png,Fat Hen
9c32a797e.png,Small-flowered Cranesbill
9c777333d.png,Loose Silky-bent
9c8b08a24.png,Cleavers
9cce7328c.png,Small-flowered Cranesbill
9d3cb4745.png,Fat Hen
9d79a1f0c.png,Small-flowered Cranesbill
9df3275da.png,Fat Hen
9fab816f2.png,Fat Hen
a006a475c.png,Small-flowered Cranesbill
a060c1cf8.png,Charlock
a0b393945.png,Small-flowered Cranesbill
a0f37c726.png,Shepherds Purse
a169b71e7.png,Charlock
a19c3faca.png,Common Chickweed
a1da8be3c.png,Small-flowered Cranesbill
a1e0a6c02.png,Fat Hen
a254d71f6.png,Small-flowered Cranesbill
a276c65f7.png,Cleavers
a2b703e21.png,Fat Hen
a2c89c367.png,Fat Hen
a2d25b4f3.png,Small-flowered Cranesbill
a35fd6fbb.png,Common Chickweed
a38b8a581.png,Sugar beet
a3b375b34.png,Small-flowered Cranesbill
a3d0031fd.png,Cleavers
a4b61a4ea.png,Scentless Mayweed
a544fc46d.png,Small-flowered Cranesbill
a55d26a4c.png,Fat Hen
a5db42f7d.png,Charlock
a74bf916d.png,Charlock
a74d475c2.png,Charlock
a7bd7cadb.png,Charlock
a800caead.png,Small-flowered Cranesbill
a83820a2c.png,Small-flowered Cranesbill
a8388a37f.png,Loose Silky-bent
a85b48a95.png,Fat Hen
a85fc8c9a.png,Loose Silky-bent
a890ac088.png,Small-flowered Cranesbill
a8b431a3e.png,Black-grass
a8c8a1db0.png,Common Chickweed
a8da9c08d.png,Common Chickweed
a8de7c1b7.png,Small-flowered Cranesbill
a935ca110.png,Charlock
a93f940d6.png,Cleavers
a9d2eab61.png,Loose Silky-bent
aa7d098d1.png,Fat Hen
aad8375e0.png,Fat Hen
aaf4da98f.png,Cleavers
ab0f67743.png,Cleavers
ab35453cb.png,Fat Hen
abc331628.png,Fat Hen
abf8b0772.png,Small-flowered Cranesbill
ac3193f78.png,Shepherds Purse
ac75d3326.png,Loose Silky-bent
acdb75e00.png,Charlock
ace8761dd.png,Fat Hen
ad12382d4.png,Fat Hen
adb7a032c.png,Small-flowered Cranesbill
ae90f2827.png,Common Chickweed
aecfaed64.png,Small-flowered Cranesbill
aee6fa3df.png,Shepherds Purse
af45e222a.png,Fat Hen
afa446484.png,Fat Hen
afcf6abd5.png,Fat Hen
b026bf8ca.png,Scentless Mayweed
b03397525.png,Charlock
b0acaff4a.png,Cleavers
b130a0632.png,Cleavers
b145ba9d4.png,Fat Hen
b1cd2a91e.png,Small-flowered Cranesbill
b215531dd.png,Small-flowered Cranesbill
b2706e2b3.png,Loose Silky-bent
b29339405.png,Fat Hen
b30ab4659.png,Maize
b31292706.png,Fat Hen
b341d0aab.png,Fat Hen
b39c71707.png,Charlock
b3d6fdb80.png,Fat Hen
b3e08b037.png,Scentless Mayweed
b47691c08.png,Black-grass
b4c3df835.png,Scentless Mayweed
b4f7c9214.png,Loose Silky-bent
b573b7a56.png,Shepherds Purse
b5c7fd009.png,Charlock
b62dca166.png,Loose Silky-bent
b687160f5.png,Fat Hen
b6a3f7876.png,Black-grass
b6f3d8b5d.png,Small-flowered Cranesbill
b7192c70f.png,Charlock
b7a7f6390.png,Small-flowered Cranesbill
b7ad92859.png,Cleavers
b828443ff.png,Small-flowered Cranesbill
b9062c1c8.png,Maize
b944a49ca.png,Fat Hen
b98327bf4.png,Fat Hen
ba3ce6b3e.png,Small-flowered Cranesbill
bb1c84bbc.png,Shepherds Purse
bb1d1bfd3.png,Fat Hen
bb20fce02.png,Fat Hen
bb64660b7.png,Scentless Mayweed
bb7621cb3.png,Small-flowered Cranesbill
bd72d4d8a.png,Charlock
bd789d151.png,Small-flowered Cranesbill
bdde957ec.png,Fat Hen
be2499cf4.png,Charlock
be341dbdc.png,Black-grass
bea23d9f8.png,Scentless Mayweed
bebcaab66.png,Fat Hen
beebe5f4e.png,Scentless Mayweed
bf3924a57.png,Fat Hen
bf66b9cd2.png,Charlock
bfab3e3d0.png,Small-flowered Cranesbill
bffc08672.png,Fat Hen
c0461776c.png,Scentless Mayweed
c069fc3fa.png,Small-flowered Cranesbill
c06e7c748.png,Scentless Mayweed
c0bc3997b.png,Fat Hen
c0d9e170b.png,Charlock
c0f5d9ac8.png,Fat Hen
c10ccbd82.png,Small-flowered Cranesbill
c10db7ae2.png,Small-flowered Cranesbill
c1ecff98b.png,Charlock
c26ccf73c.png,Fat Hen
c2de6020a.png,Fat Hen
c35efa095.png,Fat Hen
c4ed8ed38.png,Cleavers
c50335991.png,Black-grass
c5078bac5.png,Loose Silky-bent
c5e419015.png,Common Chickweed
c5e88cd42.png,Loose Silky-bent
c60e91e07.png,Small-flowered Cranesbill
c63da993b.png,Loose Silky-bent
c64370a72.png,Cleavers
c6b76307d.png,Black-grass
c6c8d4ba0.png,Black-grass
c7051c902.png,Cleavers
c74c5b7fc.png,Shepherds Purse
c75a82234.png,Cleavers
c7ae30f3a.png,Maize
c7b07431e.png,Cleavers
c7eb96871.png,Common Chickweed
c832e4302.png,Small-flowered Cranesbill
c85ef220d.png,Small-flowered Cranesbill
c88ebfb47.png,Cleavers
c8f50f0c3.png,Fat Hen
caa2fbd79.png,Small-flowered Cranesbill
cadab6616.png,Common Chickweed
cae684f8f.png,Fat Hen
cb496f36e.png,Small-flowered Cranesbill
cb76a7766.png,Small-flowered Cranesbill
cbba27d89.png,Cleavers
cbe761896.png,Small-flowered Cranesbill
cc3d2a59a.png,Common Chickweed
cc74feadc.png,Loose Silky-bent
cd5f0db1c.png,Cleavers
cd6adba97.png,Sugar beet
ce15eee52.png,Cleavers
ce3d280eb.png,Fat Hen
ce42adffb.png,Fat Hen
cec5bf198.png,Common Chickweed
cf3a8b2fd.png,Small-flowered Cranesbill
cf46d09c5.png,Loose Silky-bent
cf90fc52d.png,Fat Hen
cfb18d262.png,Fat Hen
cfd8165e9.png,Cleavers
d0152bd7c.png,Common Chickweed
d01873fdd.png,Cleavers
d09275360.png,Cleavers
d09d24c58.png,Sugar beet
d0cdc768f.png,Fat Hen
d102e1a15.png,Charlock
d14aa43f3.png,Small-flowered Cranesbill
d17f48d3b.png,Small-flowered Cranesbill
d2f0f326e.png,Loose Silky-bent
d2f422ccb.png,Scentless Mayweed
d2fd9df40.png,Shepherds Purse
d3331e071.png,Small-flowered Cranesbill
d350a25fa.png,Loose Silky-bent
d41d87796.png,Small-flowered Cranesbill
d488a4fe1.png,Small-flowered Cranesbill
d515398fd.png,Small-flowered Cranesbill
d563be369.png,Loose Silky-bent
d5f7dd60a.png,Cleavers
d668409ff.png,Loose Silky-bent
d689256be.png,Small-flowered Cranesbill
d6c8c3c48.png,Cleavers
d6d31dcbe.png,Common Chickweed
d6d80a321.png,Small-flowered Cranesbill
d7017f701.png,Cleavers
d84d37a61.png,Fat Hen
d89db156f.png,Charlock
d8f4923f8.png,Loose Silky-bent
d93c7ab6d.png,Fat Hen
d9c50616e.png,Fat Hen
da231c97f.png,Fat Hen
da4ed3a28.png,Charlock
da5255450.png,Fat Hen
da713c465.png,Fat Hen
da9ef7858.png,Loose Silky-bent
dabe3e5be.png,Charlock
dabea05f4.png,Loose Silky-bent
dc4cd56a3.png,Small-flowered Cranesbill
dc55449b2.png,Common Chickweed
dcd7ff249.png,Loose Silky-bent
dce2f6612.png,Sugar beet
dd5ec63d9.png,Small-flowered Cranesbill
dd9f36df7.png,Small-flowered Cranesbill
de0b79659.png,Fat Hen
df11d56a7.png,Small-flowered Cranesbill
df521c0c0.png,Cleavers
df7cb5f87.png,Small-flowered Cranesbill
dfb1d9012.png,Common Chickweed
e0ec5b6a1.png,Fat Hen
e14afa235.png,Scentless Mayweed
e15472085.png,Charlock
e15fce4f2.png,Fat Hen
e1809cef2.png,Small-flowered Cranesbill
e19673dc9.png,Small-flowered Cranesbill
e19ad6ac9.png,Small-flowered Cranesbill
e1a0e3202.png,Common Chickweed
e1abb4ff9.png,Sugar beet
e3f50adfc.png,Fat Hen
e471f1d3a.png,Charlock
e478c452c.png,Loose Silky-bent
e4a76885b.png,Small-flowered Cranesbill
e4d5ec761.png,Small-flowered Cranesbill
e5064f6be.png,Fat Hen
e52493d0b.png,Cleavers
e5297b675.png,Small-flowered Cranesbill
e5368474f.png,Fat Hen
e5881dd33.png,Fat Hen
e5e3dccff.png,Small-flowered Cranesbill
e6f1211a2.png,Cleavers
e7077322d.png,Loose Silky-bent
e721c6ac8.png,Small-flowered Cranesbill
e73e308be.png,Cleavers
e783f5a4f.png,Small-flowered Cranesbill
e80a259c5.png,Fat Hen
e82017baa.png,Small-flowered Cranesbill
e84464f5a.png,Fat Hen
e88bf0db9.png,Small-flowered Cranesbill
e901b0f28.png,Loose Silky-bent
e921021a8.png,Small-flowered Cranesbill
e96e57a90.png,Loose Silky-bent
e98e5d1d5.png,Charlock
e9cd91682.png,Scentless Mayweed
e9d48d664.png,Charlock
eaf0815e2.png,Charlock
ec08a5d56.png,Fat Hen
ede6b84b4.png,Loose Silky-bent
edfdb4aeb.png,Cleavers
eec1079a1.png,Cleavers
eef131644.png,Loose Silky-bent
ef02b4ee7.png,Maize
ef3e232ad.png,Small-flowered Cranesbill
ef65533d5.png,Black-grass
ef74dbcad.png,Fat Hen
ef7a5651d.png,Common Chickweed
ef9676433.png,Charlock
efe19dc32.png,Small-flowered Cranesbill
f0ffa00bd.png,Sugar beet
f1e87cba7.png,Loose Silky-bent
f1f7c833f.png,Small-flowered Cranesbill
f23faf9c1.png,Fat Hen
f25996db8.png,Black-grass
f2dc546ca.png,Loose Silky-bent
f33e9d918.png,Small-flowered Cranesbill
f351ce097.png,Cleavers
f3fcfff1b.png,Fat Hen
f4021df6c.png,Charlock
f4234cf4f.png,Loose Silky-bent
f445fe6fb.png,Small-flowered Cranesbill
f48916a8c.png,Charlock
f4ad9d950.png,Maize
f4caf74f9.png,Small-flowered Cranesbill
f4e7733d4.png,Charlock
f593c9cf0.png,Small-flowered Cranesbill
f66ae4070.png,Small-flowered Cranesbill
f6d250856.png,Fat Hen
f8318faf1.png,Charlock
f85ed9b6d.png,Sugar beet
f9b6bfb00.png,Small-flowered Cranesbill
f9ea23fb5.png,Small-flowered Cranesbill
f9f35cbd4.png,Cleavers
fa5fd1384.png,Charlock
fa9f3a8f9.png,Small-flowered Cranesbill
fadc6adbc.png,Small-flowered Cranesbill
fb022edf9.png,Fat Hen
fba8fc78a.png,Black-grass
fbf88b6be.png,Scentless Mayweed
fc3e58836.png,Common Chickweed
fc6f686fb.png,Charlock
fd253a74e.png,Fat Hen
fd87b36ae.png,Loose Silky-bent
fd925f542.png,Fat Hen
fda0b5c38.png,Fat Hen
fda39e16f.png,Loose Silky-bent
fdea6b119.png,Common Chickweed
fe29629fb.png,Common Chickweed
fe9e87b78.png,Small-flowered Cranesbill
fea1d13d6.png,Fat Hen
fea355851.png,Loose Silky-bent
fea3da57c.png,Fat Hen
fef2ade8c.png,Fat Hen
ff65bc002.png,Small-flowered Cranesbill
ffc6f8527.png,Small-flowered Cranesbill
